date,auditeurs
2025-06-09,793040
2025-06-09,793040
2025-06-09,793040
2025-06-09,793040
2025-06-09,793040
2025-06-10,792069
2025-06-10,792069
2025-06-11,790803
2025-06-11,790803
2025-06-12,791375
2025-06-12,791375
2025-06-13,790271
2025-06-13,790271
2025-06-14,788687
2025-06-15,787021
2025-06-16,783865
2025-06-17,783865
2025-06-18,783840
2025-06-19,783390
2025-06-20,781300
2025-06-21,781300
2025-06-22,774152
2025-06-23,768849
2025-06-24,765374
2025-06-25,757990
2025-06-26,752134
2025-06-27,745570
2025-06-28,739319
2025-06-29,739319
